{
  "loc": [
    -0.27809836968779567,
    -0.05402723789215089,
    0.09439226925373079,
    -2.167710995674133,
    -0.002162833958864213,
    2.0450145053863524,
    -2.433890519142151,
    0.042499999050050974
  ],
  "scale": [
    0.11970677152276041,
    0.5022394359111786,
    0.18653929948806763,
    0.2767061853408814,
    0.10611790478229523,
    0.5757480812072754,
    0.21089029788970937,
    0.03749999916180968
  ]
}
